id,firstName,lastName,emailId,gender,contactNo,country
1,Luella,Skepper,lskepper0@tiny.cc,Bigender,2445935083,Russia
2,Waylon,Sainz,wsainz1@cpanel.net,Male,7724091528,Peru
3,Dunc,Losselyong,dlosselyong2@shareasale.com,Male,0943681294,Macedonia
4,Alissa,Castillon,acastillon3@smh.com.au,Female,8610881539,Venezuela
5,Hamel,Partener,hpartener4@yelp.com,Male,9891844773,Cyprus
6,Rab,Borgnol,rborgnol5@sphinn.com,Male,1157239544,Indonesia
7,Gino,Acum,gacum6@istockphoto.com,Male,4008129421,Indonesia
8,Bibi,Topaz,btopaz7@dagondesign.com,Female,2423930682,Panama
9,Maddie,Gantzer,mgantzer8@noaa.gov,Female,4692869097,China
10,Sher,Houchin,shouchin9@deliciousdays.com,Female,1753143497,Mexico
11,Xenos,Leyborne,xleybornea@admin.ch,Male,1896407587,United States
12,Timmie,Skipp,tskippb@quantcast.com,Genderqueer,4367882233,Indonesia
13,Felipe,Long,flongc@cnn.com,Genderqueer,7747637055,Ukraine
14,Jacqui,Branchet,jbranchetd@admin.ch,Female,8047036335,Sweden
15,Gerardo,Ickov,gickove@is.gd,Male,3655867050,Argentina
16,Aggy,Norrey,anorreyf@intel.com,Female,4207860290,Russia
17,Cris,Reveley,creveleyg@quantcast.com,Male,6693875467,Mexico
18,Leesa,Steed,lsteedh@github.com,Female,6557614371,Indonesia
19,Hamil,Lyddon,hlyddoni@fc2.com,Male,7359365244,China
20,Austin,Crayden,acraydenj@ask.com,Male,4179563134,Bolivia
21,Austine,Whimp,awhimpk@nature.com,Genderfluid,8194958202,Canada
22,Margareta,Mulvagh,mmulvaghl@dion.ne.jp,Female,3644168903,Peru
23,Langston,Pack,lpackm@lulu.com,Male,8312372113,France
24,Goddard,Goldfinch,ggoldfinchn@homestead.com,Male,1952273765,China
25,Tobe,Howells,thowellso@washington.edu,Female,0074218654,Russia
26,Wendeline,Gaskall,wgaskallp@dion.ne.jp,Female,6206108821,Malta
27,Patrice,Tacker,ptackerq@mayoclinic.com,Female,8450009383,Thailand
28,Haleigh,Shevlin,hshevlinr@google.de,Female,6591700978,Uganda
29,Meryl,Alben,malbens@forbes.com,Female,1801889740,Brazil
30,Linnell,Brando,lbrandot@businessweek.com,Female,3414469510,Indonesia
31,Woodrow,Martijn,wmartijnu@ft.com,Male,7126366426,Kazakhstan
32,Britt,Hukin,bhukinv@slate.com,Male,3341864342,Thailand
33,Monro,Winslett,mwinslettw@craigslist.org,Male,9835867321,France
34,Elwin,Fowley,efowleyx@usatoday.com,Male,4785447168,Thailand
35,Lelah,Theakston,ltheakstony@constantcontact.com,Female,6953315857,China
36,Pansy,Morfell,pmorfellz@wikia.com,Female,8814432848,Tanzania
37,Tynan,Marmon,tmarmon10@so-net.ne.jp,Male,0213288532,China
38,Lucille,Cornbill,lcornbill11@columbia.edu,Non-binary,9084680154,Russia
39,Grayce,Mewes,gmewes12@rediff.com,Female,0745629059,Japan
40,Justinian,Fayre,jfayre13@tiny.cc,Male,6570144464,Yemen
41,Manfred,Hackwell,mhackwell14@alexa.com,Male,2416178482,Portugal
42,Corry,Abdee,cabdee15@linkedin.com,Female,0394258088,Philippines
43,Jim,Huggill,jhuggill16@xing.com,Male,0374065519,Thailand
44,Marsha,Tabord,mtabord17@go.com,Female,9908416065,Russia
45,Minny,Casarini,mcasarini18@zimbio.com,Female,4888198144,Malaysia
46,Bryan,Tanton,btanton19@booking.com,Male,7316996625,Indonesia
47,Gherardo,O'Doohaine,godoohaine1a@addthis.com,Male,6664386852,China
48,Vicky,Geekie,vgeekie1b@1688.com,Female,5043234598,Austria
49,Nancee,Dumbarton,ndumbarton1c@issuu.com,Non-binary,6697885289,United States
50,Monika,Mate,mmate1d@newsvine.com,Female,4166642901,Ukraine
51,Terry,Wroth,twroth1e@who.int,Male,4578736555,Pakistan
52,Nicolais,Pascho,npascho1f@ftc.gov,Polygender,8864541284,Philippines
53,Randy,Beany,rbeany1g@tiny.cc,Male,2157335919,Czech Republic
54,Daveta,Kingswell,dkingswell1h@meetup.com,Female,5190751112,Philippines
55,Giselle,Scimone,gscimone1i@domainmarket.com,Female,8702381699,Indonesia
56,Julissa,Asals,jasals1j@yandex.ru,Female,0784406863,Indonesia
57,Leanora,Cockshut,lcockshut1k@ibm.com,Female,9865546965,Mauritius
58,Kirstyn,Glasscoo,kglasscoo1l@wsj.com,Female,7436822039,China
59,Bradley,Varran,bvarran1m@ezinearticles.com,Male,4114278036,China
60,Mildrid,Klulik,mklulik1n@i2i.jp,Female,3133155733,Armenia
61,Pooh,Culpin,pculpin1o@dot.gov,Male,9485772041,Philippines
62,Abel,Ryle,aryle1p@house.gov,Male,5520852480,Canada
63,Kacy,Dockwra,kdockwra1q@discovery.com,Female,6856911394,Indonesia
64,Rolland,Risbridger,rrisbridger1r@netscape.com,Male,0438388593,Colombia
65,Morley,Brannan,mbrannan1s@gmpg.org,Male,5149623946,New Zealand
66,See,Dorrins,sdorrins1t@t-online.de,Male,7547213308,Poland
67,Amye,Heibel,aheibel1u@pcworld.com,Female,2331428808,Indonesia
68,Gwynne,Biskupek,gbiskupek1v@harvard.edu,Female,6848564249,Indonesia
69,Odo,Worthing,oworthing1w@census.gov,Male,5972306832,Armenia
70,Jeanelle,Stanbridge,jstanbridge1x@theglobeandmail.com,Female,0564025348,Kazakhstan
71,Adelice,Summerrell,asummerrell1y@redcross.org,Female,6363421829,Kazakhstan
72,Burty,Moses,bmoses1z@scientificamerican.com,Male,7887098904,China
73,Jody,Jinda,jjinda20@java.com,Female,5457721663,Indonesia
74,Evie,McAughtry,emcaughtry21@homestead.com,Female,0539263575,Peru
75,Kiele,Lynett,klynett22@naver.com,Genderfluid,4512811052,Malaysia
76,Ara,Dumbarton,adumbarton23@cisco.com,Female,8426329586,Czech Republic
77,Alvera,McCaughran,amccaughran24@deliciousdays.com,Female,1196518351,Russia
78,Morty,Tingley,mtingley25@globo.com,Male,5307307993,Latvia
79,Pyotr,Peggs,ppeggs26@tiny.cc,Male,1167303636,Brazil
80,Levin,Hugk,lhugk27@marketwatch.com,Male,1954647875,Ukraine
81,Hamel,Laurenzi,hlaurenzi28@t-online.de,Male,1034565206,China
82,Barb,Sidlow,bsidlow29@domainmarket.com,Agender,1714341240,Indonesia
83,Norman,Witham,nwitham2a@forbes.com,Male,7263879956,Peru
84,Salaidh,Braney,sbraney2b@tmall.com,Female,5239002754,Tunisia
85,Brit,Walicki,bwalicki2c@independent.co.uk,Female,8895383907,Portugal
86,Jesse,Brougham,jbrougham2d@narod.ru,Female,4965325621,Morocco
87,Lola,Arne,larne2e@liveinternet.ru,Female,4181111768,China
88,Valentin,Stubbings,vstubbings2f@hugedomains.com,Male,0933248636,Indonesia
89,Wrennie,Clayworth,wclayworth2g@feedburner.com,Female,6076877537,Yemen
90,Donnie,Thornborrow,dthornborrow2h@engadget.com,Bigender,4030775241,Vietnam
91,Barron,Botwood,bbotwood2i@google.com.au,Male,2538553679,China
92,Tallie,Toffts,ttoffts2j@com.com,Genderqueer,3501882041,Indonesia
93,Noble,Fussie,nfussie2k@example.com,Male,3611969419,Venezuela
94,Cassie,Snasdell,csnasdell2l@blogs.com,Female,9213005156,Tajikistan
95,Gaylene,Noakes,gnoakes2m@bloomberg.com,Female,1008059560,Czech Republic
96,Averell,Jardein,ajardein2n@amazon.co.uk,Male,7918755367,Philippines
97,Keane,Summerbell,ksummerbell2o@un.org,Male,7177330801,China
98,Klement,Chaloner,kchaloner2p@purevolume.com,Polygender,6139137004,France
99,Moria,Cufflin,mcufflin2q@360.cn,Female,0546225101,Armenia
100,Biddy,Ragbourn,bragbourn2r@merriam-webster.com,Female,1889181463,China
101,Bert,Worsfield,bworsfield2s@4shared.com,Male,3953560263,China
102,Reinwald,Lerego,rlerego2t@purevolume.com,Male,6535478750,Poland
103,Brannon,Sheen,bsheen2u@mac.com,Male,9695605206,Sweden
104,Tasia,Ravelus,travelus2v@google.co.uk,Female,6334872087,Indonesia
105,Shandie,Akess,sakess2w@opensource.org,Female,9670880270,China
106,Glynnis,MacIlriach,gmacilriach2x@sfgate.com,Female,7079967228,Colombia
107,Cammy,Cauldfield,ccauldfield2y@google.co.uk,Female,5964720498,Gambia
108,Inger,Mc Ilwrick,imcilwrick2z@qq.com,Male,9381568332,Indonesia
109,Lesly,Kimbling,lkimbling30@unc.edu,Female,4804429093,Armenia
110,May,Penchen,mpenchen31@drupal.org,Female,7269679320,Poland
111,Markus,Pedrol,mpedrol32@reuters.com,Non-binary,6518589434,China
112,Abram,Alejandre,aalejandre33@thetimes.co.uk,Male,8011017284,Afghanistan
113,Flori,Darco,fdarco34@google.com.hk,Female,5190206815,Nigeria
114,Desiree,Wagstaff,dwagstaff35@redcross.org,Female,4646290715,Guatemala
115,August,Endon,aendon36@youtube.com,Genderqueer,8956943265,Poland
116,Mort,Thalmann,mthalmann37@google.co.uk,Male,4113628025,China
117,Cassie,Brend,cbrend38@china.com.cn,Female,3398792022,Brazil
118,Malvina,Edelheit,medelheit39@ucoz.com,Female,8004573258,China
119,Janek,Cooke,jcooke3a@dailymail.co.uk,Male,9526537890,Mexico
120,Gardener,Blakeborough,gblakeborough3b@themeforest.net,Male,3928394193,Kazakhstan
121,Rudiger,Hocking,rhocking3c@purevolume.com,Male,0920164757,Montenegro
122,Walther,Pariss,wpariss3d@bandcamp.com,Male,9568500480,China
123,Dov,Aphale,daphale3e@google.pl,Male,0742180786,Russia
124,Lizette,Edelheit,ledelheit3f@salon.com,Female,8955372612,Afghanistan
125,Reinhard,Clery,rclery3g@diigo.com,Male,3323661435,Indonesia
126,Emalee,Puddicombe,epuddicombe3h@jiathis.com,Female,2861063602,China
127,Charmine,Brummell,cbrummell3i@spiegel.de,Female,0778028577,Czech Republic
128,Gaston,Hartburn,ghartburn3j@newsvine.com,Male,3318913065,Japan
129,Milton,McWhannel,mmcwhannel3k@goodreads.com,Male,1950995194,Greece
130,Terrence,Pattle,tpattle3l@phoca.cz,Male,7161459915,China
131,Darda,Worrell,dworrell3m@alibaba.com,Female,6434729316,China
132,Jonathon,Broader,jbroader3n@github.com,Male,2305639716,Poland
133,Zia,Gentsch,zgentsch3o@nationalgeographic.com,Genderqueer,3236977485,China
134,Levi,Ellard,lellard3p@ask.com,Male,6460717583,Brazil
135,Anatollo,Darracott,adarracott3q@twitter.com,Male,4994627290,China
136,Imogene,Leftly,ileftly3r@arizona.edu,Female,3666291406,China
137,Athene,Ciccotti,aciccotti3s@weebly.com,Female,8879987976,Portugal
138,Rosmunda,MacSporran,rmacsporran3t@privacy.gov.au,Female,6045437098,China
139,Garrett,Fowlds,gfowlds3u@yolasite.com,Male,8332414164,Thailand
140,Wald,Dmitr,wdmitr3v@msu.edu,Male,5116784061,Indonesia
141,Margy,Liccardo,mliccardo3w@webmd.com,Female,7160135709,China
142,Iosep,Bowle,ibowle3x@pbs.org,Male,4851259506,Poland
143,Matty,Bamb,mbamb3y@jimdo.com,Male,6110576212,Germany
144,Ignazio,Dewett,idewett3z@sakura.ne.jp,Male,5981456191,Norfolk Island
145,Ely,Glading,eglading40@ustream.tv,Male,2843038219,Peru
146,Emerson,Edson,eedson41@prnewswire.com,Male,8000504782,Russia
147,Skyler,Papen,spapen42@istockphoto.com,Male,0004198409,Uruguay
148,Ermina,Dorbon,edorbon43@unesco.org,Female,8110391710,China
149,Lucias,Symers,lsymers44@samsung.com,Male,9365549892,China
150,Kikelia,Dronsfield,kdronsfield45@sitemeter.com,Female,4382458773,China
151,Aveline,Van Arsdale,avanarsdale46@comcast.net,Female,3583113209,Indonesia
152,Sanderson,Wrixon,swrixon47@shutterfly.com,Male,9412990014,Russia
153,Iorgos,Najera,inajera48@facebook.com,Genderqueer,0332285723,South Africa
154,Gabi,Polkinghorne,gpolkinghorne49@yale.edu,Bigender,9269896463,Finland
155,Cynthy,Pashby,cpashby4a@telegraph.co.uk,Female,2712199677,China
156,Griff,MacCarter,gmaccarter4b@huffingtonpost.com,Male,7269933294,Brazil
157,Theadora,Cavill,tcavill4c@seesaa.net,Female,6820357451,Yemen
158,Burnaby,McClymont,bmcclymont4d@t-online.de,Male,9201655924,Indonesia
159,Goldia,Mewett,gmewett4e@nps.gov,Female,3110928493,Brazil
160,Georas,Murrell,gmurrell4f@tinyurl.com,Bigender,1918598010,China
161,Sean,McKimm,smckimm4g@virginia.edu,Male,4636284801,Russia
162,Ramona,Rolfi,rrolfi4h@barnesandnoble.com,Female,0135060958,Sweden
163,Rancell,Melesk,rmelesk4i@hc360.com,Male,0124702562,Ukraine
164,Ludwig,Ensten,lensten4j@examiner.com,Male,5054375627,Bangladesh
165,Emmaline,Knowlden,eknowlden4k@delicious.com,Female,6148505150,Egypt
166,Kiah,Spary,kspary4l@netscape.com,Female,8776477282,United States
167,Stella,Piolli,spiolli4m@xing.com,Female,5356509782,Czech Republic
168,Chrissie,Verheyden,cverheyden4n@chron.com,Female,2218532484,France
169,Denni,Wenham,dwenham4o@slideshare.net,Female,4243125341,Thailand
170,Julita,Daunter,jdaunter4p@simplemachines.org,Female,7641348408,Honduras
171,Fionnula,Streak,fstreak4q@google.com.br,Female,8605703075,Sweden
172,Meara,Blazek,mblazek4r@scientificamerican.com,Female,6512787072,Sweden
173,Magdalene,Simyson,msimyson4s@reddit.com,Female,4690323305,Ukraine
174,Jocelyn,Yaxley,jyaxley4t@seattletimes.com,Female,6274690271,Honduras
175,Lucias,Crystal,lcrystal4u@ebay.co.uk,Male,5078369384,Myanmar
176,Willem,Moyce,wmoyce4v@youtube.com,Male,1222317028,Philippines
177,Nonie,Stoakley,nstoakley4w@quantcast.com,Female,8081077189,Sweden
178,Clayton,Hoffman,choffman4x@howstuffworks.com,Male,1884820913,Philippines
179,Wilmar,Chestle,wchestle4y@naver.com,Male,4401842235,Philippines
180,Zach,Sprakes,zsprakes4z@europa.eu,Male,2447778244,Tanzania
181,Austine,McAreavey,amcareavey50@scribd.com,Bigender,4819744720,China
182,Dalenna,Hogbourne,dhogbourne51@163.com,Bigender,9019971158,China
183,Willem,Brahan,wbrahan52@bloglines.com,Male,5522974214,Lithuania
184,Eveleen,Mingey,emingey53@geocities.com,Female,1623699681,Indonesia
185,Rafael,Naylor,rnaylor54@eventbrite.com,Male,6385669009,Colombia
186,Joyann,Shillington,jshillington55@meetup.com,Female,3660590436,Sweden
187,Normy,Phillippo,nphillippo56@microsoft.com,Male,2973851947,Indonesia
188,Benito,Wotherspoon,bwotherspoon57@amazon.co.uk,Male,5225787649,Indonesia
189,Cindi,Saddleton,csaddleton58@sbwire.com,Female,0743819063,France
190,Bob,Rraundl,brraundl59@buzzfeed.com,Male,0090569547,China
191,Sharity,Pruce,spruce5a@reuters.com,Female,2082398226,Colombia
192,Lorin,Buxsey,lbuxsey5b@nature.com,Non-binary,7879874674,Kazakhstan
193,Auguste,Imlen,aimlen5c@webnode.com,Female,2088525831,China
194,Lucian,Brann,lbrann5d@typepad.com,Male,7359795958,China
195,Nonie,Spottiswoode,nspottiswoode5e@gmpg.org,Female,8708410801,China
196,Dorolice,Irwin,dirwin5f@wunderground.com,Female,8177689886,Peru
197,Fayre,Saltwell,fsaltwell5g@foxnews.com,Female,5638042970,Russia
198,Jemmie,Brind,jbrind5h@linkedin.com,Female,8540808382,Poland
199,Tyrus,Burrass,tburrass5i@4shared.com,Genderfluid,5013651921,China
200,Tadeo,Paoloni,tpaoloni5j@tinyurl.com,Male,6948265766,China
